100,Name100,Family100,email100,M,15659,iran,dob100
101,Name101,Family101,email101,M,15659,iran,dob101
102,Name102,Family102,email102,M,15659,iran,dob102
103,Name103,Family103,email103,M,15659,iran,dob103
104,Name104,Family104,email104,M,15659,iran,dob104
105,Name105,Family105,email105,M,15659,iran,dob105
106,Name106,Family106,email106,M,15659,iran,dob106
107,Name107,Family107,email107,M,15659,iran,dob107
108,Name108,Family108,email108,M,15659,iran,dob108
109,Name109,Family109,email109,M,15659,iran,dob109
110,Name110,Family110,email110,M,15659,iran,dob110
111,Name111,Family111,email111,M,15659,iran,dob111
1112,Name1112,Family1112,email1112,M,15659,iran,dob112
113,Name113,Family113,email113,M,15659,iran,dob113
114,Name114,Family114,email114,M,15659,iran,dob114
115,Name115,Family115,email115,M,15659,iran,dob115
116,Name116,Family116,email116,M,15659,iran,dob116
117,Name117,Family117,email117,M,15659,iran,dob117
118,Name118,Family118,email118,M,15659,iran,dob118
119,Name119,Family119,email119,M,15659,iran,dob119
120,Name120,Family120,email120,M,15659,iran,dob120
121,Name121,Family121,email121,M,15659,iran,dob121
122,Name122,Family122,email122,M,15659,iran,dob122
123,Name123,Family123,email123,M,15659,iran,dob123
124,Name124,Family124,email124,M,15659,iran,dob124
125,Name125,Family125,email125,M,15659,iran,dob125
126,Name126,Family126,email126,M,15659,iran,dob126
127,Name127,Family127,email127,M,15659,iran,dob127
128,Name128,Family128,email128,M,15659,iran,dob128
129,Name129,Family129,email129,M,15659,iran,dob129
130,Name130,Family130,email130,M,15659,iran,dob130